{"new south wales": [560491, 0.13463350280831804, [31579, 5.63], [92557, 16.51], [404785, 72.22], [26004, 4.64], [5566, 0.99]], "victoria": [516509, 0.11519315103267483, [24607, 4.76], [79388, 15.37], [380439, 73.66], [26370, 5.11], [5705, 1.1]], "queensland": [307382, 0.12159723160487845, [16606, 5.4], [48195, 15.68], [222630, 72.43], [16517, 5.37], [3434, 1.12]], "western australia": [142202, 0.12117298326078924, [7251, 5.1], [21864, 15.38], [104839, 73.73], [6761, 4.75], [1487, 1.05]], "south australia": [111270, 0.11710362352613539, [5144, 4.62], [16696, 15.0], [82983, 74.58], [5341, 4.8], [1106, 0.99]], "tasmania": [39994, 0.12027878599120216, [2103, 5.26], [5905, 14.76], [29838, 74.61], [1829, 4.57], [319, 0.8]]}