{"new south wales": [75460.86662253698, 560491, 5566, 26004, 404785, 92557, 31579], "victoria": [59498.29924673584, 516509, 5705, 26370, 380439, 79388, 24607], "queensland": [37376.80024517075, 307382, 3434, 16517, 222630, 48195, 16606], "western australia": [17231.04056565075, 142202, 1487, 6761, 104839, 21864, 7251], "south australia": [13030.120189753085, 111270, 1106, 5341, 82983, 16696, 5144], "tasmania": [4810.4297669321395, 39994, 319, 1829, 29838, 5905, 2103]}